Tempo,Velocidade
0,0
3.15544362088405e-30,3.06259542007705e-29
0.000135770569278355,0.00131475666312691
0.000585565399782006,0.00562987322995541
0.00145612553193782,0.0138035917518983
0.00326755999570205,0.0300842598286305
0.00671883337145208,0.0585292279111714
0.0122319312128873,0.0976073145783861
0.0204448620892541,0.143555237824947
0.0320987743029091,0.189146131817108
0.0480710165206153,0.225465375581714
0.0693747825199208,0.245058579858919
0.097151630084102,0.245008504590142
0.132907256542515,0.227505911789074
0.180276183285962,0.196477341288212
0.230276183285962,0.16436474315923
0.280276183285962,0.136002286042477
0.330276183285962,0.111729965298238
0.380276183285962,0.0912442844365606
0.430276183285962,0.0741148412780122
0.480276183285962,0.0599011191824376
0.530276183285962,0.0481863800069398
0.580276183285962,0.0385903578565888
0.630276183285962,0.0307741038404317
0.680276183285963,0.0244407945376833
0.730276183285963,0.0193341799777856
0.780276183285963,0.0152356599787516
0.830276183285963,0.01196064494642
0.880276183285963,0.00935464268166355
0.930276183285963,0.0072893633775364
0.980276183285963,0.00565902186891386
1.03027618328596,0.00437694359296816
1.08027618328596,0.00337252388385912
1.13027618328596,0.00258855798692918
1.18027618328596,0.00197892795306863
1.23027618328596,0.00150662905216642
1.28027618328596,0.00114210066989679
1.33027618328596,0.000861828074866932
1.38027618328596,0.000647183114450235
1.43027618328596,0.000483465665484207
1.48027618328596,0.000359120568025507
1.53027618328596,0.000265098756539542
1.58027618328596,0.000194340451124154
1.63027618328596,0.000141358046147574
1.68027618328596,0.00010190208213068
1.73027618328596,7.26942369893871e-05
1.78027618328596,5.1215121392808e-05
1.83027618328596,3.55361988935142e-05
1.88027618328596,2.41872804977477e-05
1.93027618328596,1.60523274828978e-05
1.98027618328596,1.02879546383078e-05
2.03027618328596,6.259827222444e-06
2.08027618328596,3.49328256430802e-06
2.13027618328596,1.63508901587367e-06
2.18027618328596,4.23965007758305e-07
2.23027618328596,-3.32064287740952e-07
2.28027618328596,-7.72995352201437e-07
2.33027618328596,-1.00004789229101e-06
2.38027618328596,-1.08568153082253e-06
2.43027618328596,-1.08115733493342e-06
2.48027618328596,-1.02222855640162e-06
2.53027618328596,-9.33391221180032e-07
2.58027618328596,-8.31043619620506e-07
2.63027618328596,-7.25829132452565e-07
2.68027618328596,-6.24343508441515e-07
2.73027618328596,-5.3039192113177e-07
2.78027618328596,-4.45889343703474e-07
2.83027618328596,-3.71505585134251e-07
2.88027618328596,-3.07120042714876e-07
2.93027618328596,-2.52136418541844e-07
2.98027618328596,-2.05710147357099e-07
3.03027618328596,-1.66883144350837e-07
3.08027618328596,-1.34680818390632e-07
3.13027618328596,-1.08165727222143e-07
3.18027618328596,-8.64745146768016e-08
3.23027618328596,-6.88344356168965e-08
3.28027618328596,-5.45660430789764e-08
3.33027618328596,-4.30852536432105e-08
3.38027618328596,-3.38871705430257e-08
3.43027618328596,-2.65500851170717e-08
3.48027618328596,-2.07259713614348e-08
3.53027618328596,-1.61172554136601e-08
3.58027618328596,-1.24868412476541e-08
3.63027618328596,-9.6384871724172e-09
3.68027618328596,-7.41344793868252e-09
3.73027618328596,-5.6766378417239e-09
3.78027618328596,-4.32603274296165e-09
3.83027618328596,-3.28920546553196e-09
3.88027618328596,-2.4853172936775e-09
3.93027618328596,-1.86989384356806e-09
3.98027618328596,-1.40409859600408e-09
4.03027618328596,-1.04654048239368e-09
4.08027618328596,-7.72610358877918e-10
4.13027618328596,-5.68554537758425e-10
4.18027618328596,-4.1520442931981e-10
4.23027618328596,-2.99382724801939e-10
4.28027618328596,-2.15157426705203e-10
4.33027618328596,-1.52329487831452e-10
4.38027618328596,-1.06577158005677e-10
4.43027618328596,-7.30907219246521e-11
4.48027618328596,-4.91965091392878e-11
4.53027618328596,-3.19619910115444e-11
4.58027618328595,-1.99012124218936e-11
4.63027618328595,-1.15688803291815e-11
4.68027618328595,-5.91061080772394e-12
4.73027618328595,-2.20600695135022e-12
4.78027618328595,1.6639061215122e-13
4.83027618328595,1.60252749565872e-12
4.88027618328595,2.37204242134775e-12
4.93027618328595,2.72691098942625e-12
4.98027618328595,2.79900225267742e-12
5.03027618328595,2.69569963604654e-12
5.08027618328595,2.49369089554896e-12
5.13027618328595,2.24049976804615e-12
5.18027618328595,1.97209597050427e-12
5.23027618328595,1.70665023653476e-12
5.28027618328595,1.4565249117248e-12
5.33027618328595,1.22989276129731e-12
5.38027618328595,1.02927749088804e-12
5.43027618328595,8.53230178377441e-13
5.48027618328595,7.03400724514095e-13
5.53027618328595,5.74909596777304e-13
5.58027618328595,4.6761238426296e-13
5.63027618328595,3.78094598219905e-13
5.68027618328595,3.03545990514156e-13
5.73027618328595,2.43406955175184e-13
5.78027618328595,1.94025639800399e-13
5.83027618328595,1.53920814050545e-13
5.88027618328595,1.21496773064103e-13
5.93027618328595,9.5724143509951e-14
5.98027618328595,7.50299270328563e-14
6.03027618328595,5.86495532721332e-14
6.08027618328595,4.55974759285263e-14
6.13027618328595,3.54705833637425e-14
6.18027618328595,2.74761478836638e-14
6.23027618328595,2.11777457418142e-14
6.28027618328595,1.60284877396351e-14
6.33027618328595,1.22363948024712e-14
6.38027618328595,9.34318314588641e-15
6.43027618328595,7.01393703907015e-15
6.48027618328595,5.30015663316245e-15
6.53027618328595,4.07251984954583e-15
6.58027618328595,3.16711420425079e-15
6.63027618328595,2.41564604303626e-15
6.68027618328595,1.71159794398547e-15
6.73027618328595,1.30575373926226e-15
6.78027618328595,9.77094838535918e-16
6.83027618328595,8.14251653829025e-16
6.88027618328595,5.37466466861293e-16
6.93027618328595,4.60374706304608e-16
6.98027618328595,3.49228331831548e-16
7.03027618328595,2.26669392955177e-16
7.08027618328595,2.86427173101197e-16
7.13027618328595,1.46950118446039e-16
7.18027618328595,2.28636898008757e-16
7.23027618328595,6.92750816644055e-17
7.28027618328595,-3.5954655650204e-17
7.33027618328595,-1.665851624561e-16
7.38027618328594,-2.50616895369889e-16
7.43027618328594,-1.61728759025205e-16
7.48027618328594,-6.32437057008018e-17
7.53027618328594,1.2729681147288e-17
7.58027618328594,-1.67706803995756e-16
7.63027618328594,-6.98627308429218e-17
7.68027618328594,5.41450811259832e-18
7.73027618328594,-1.75806497737554e-16
7.78027618328594,-7.88289521019507e-17
7.83027618328594,-4.49472452647028e-18
7.88027618328594,-1.86777193166389e-16
7.93027618328594,-9.09761932501503e-17
7.98027618328594,-4.63660352036253e-17
8.03027618328594,-1.4163816141163e-16
8.08027618328594,1.08608247067543e-17
8.13027618328594,9.46173958529488e-17
8.18027618328595,-6.25325275844837e-17
8.23027618328595,1.3515309797062e-17
8.28027618328595,-1.66836920067136e-16
8.33027618328595,-6.88995758946693e-17
8.38027618328595,6.47858951928724e-18
8.43027618328595,-1.74628298196729e-16
8.48027618328595,-7.75243972507174e-17
8.53027618328595,-1.76209604319949e-17
8.58027618328595,-1.40338058822099e-16
8.63027618328595,1.23003363006347e-17
8.68027618328595,9.6211293271542e-17
8.73027618328595,-6.07693147512574e-17
8.78027618328595,1.54639734310018e-17
8.83027618328595,-1.64679270676501e-16
8.88027618328596,-6.65105782148511e-17
8.93027618328596,9.11885665692485e-18
8.98027618328596,-1.71704873814287e-16
9.03027618328596,-7.42874519556436e-17
9.08027618328596,-1.40401676325811e-17
9.13027618328596,-1.97475260602007e-16
9.18027618328596,-1.02821568577825e-16
9.23027618328596,-2.87509231294969e-17
9.28027618328596,5.08054481308637e-17
9.33027618328596,-1.25546722259525e-16
9.38027618328596,-5.39127217306625e-17
9.43027618328596,8.49888713323319e-18
9.48027618328596,-1.72497117282301e-16
9.53027618328596,-7.51651351195026e-17
9.58027618328597,1.59110174048764e-17
9.63027618328597,1.00212309229962e-16
9.68027618328597,-5.63432276840506e-17
9.73027618328597,5.81019843958435e-18
9.78027618328597,-1.75477882800747e-16
9.83027618328597,-7.84655664865385e-17
9.88027618328597,1.22599946668563e-17
9.93027618328597,9.61734532286896e-17
9.98027618328597,-6.08110879352082e-17
10,-2.54156515353926e-17
